,Mean_policy,Newsvendor_policy,Difference
S,9.0,10.0,1.0
total_demand,3344.081,3352.638,8.556999999999789
total_unmet,1998.218,1876.408,-121.81000000000017
total_waste,3.883,5.501,1.6180000000000003
avg_unmet_per_day,5.48960989010989,5.154967032967033,-0.3346428571428577
avg_waste_per_day,0.010667582417582418,0.015112637362637363,0.004445054945054944
avg_onhand_end,0.8285741758241758,1.0236538461538462,0.19507967032967044
fill_rate,0.4027959789359554,0.44071896280761635,0.03792298387166093
