Policy,Cost/day ($),Fill Rate,Waste/day,Unmet/day,Order/day
Mean (S=9),13.750892857142857,0.40248456446076264,0.01076923076923077,5.493895604395604,3.7203873626373625
Newsvendor (S=10),12.859424450549449,0.44160700493173466,0.015266483516483515,5.13460989010989,4.085840659340659
Optimal Static (S*=33),3.067927197802198,0.9408094643428884,1.1361868131868131,0.5454587912087911,9.84348076923077
MDP Policy,2.675288461538462,0.9437330122261784,0.9175686813186812,0.5195741758241759,9.661173076923077
