Model,Avg_Test_LogLik
Pooled,-3.043603074654211
Weekday,-3.15321488458119
